,FIRST_NAME,LAST_NAME,EMAIL,JOB_ID,Bedrijven,ID
0,Donald,OConnell,DOCONNEL,SH_CLERK,Bruggeman,1
1,Douglas,Grant,DGRANT,SH_CLERK,Sea Tank,2
2,Jennifer,Whalen,JWHALEN,AD_ASST,BP,3
3,Michael,Hartstein,MHARTSTE,MK_MAN,De Pecker,4
4,Pat,Fay,PFAY,MK_REP,Sidmar,5
5,Susan,Mavris,SMAVRIS,HR_REP,Bruggeman,6
6,Hermann,Baer,HBAER,PR_REP,Sidmar,7
7,Shelley,Higgins,SHIGGINS,AC_MGR,Stora Enzo,8
8,William,Gietz,WGIETZ,AC_ACCOUNT,VPK,9
9,Steven,King,SKING,AD_PRES,Ineos Fenol,10
10,Neena,Kochhar,NKOCHHAR,AD_VP,Stora Enzo,11
11,Lex,De Haan,LDEHAAN,AD_VP,Sidmar,12
12,Alexander,Hunold,AHUNOLD,IT_PROG,Oleon,13
13,Bruce,Ernst,BERNST,IT_PROG,De Pecker,14
14,David,Austin,DAUSTIN,IT_PROG,Bruggeman,15
15,Valli,Pataballa,VPATABAL,IT_PROG,Ineos Fenol,16
16,Diana,Lorentz,DLORENTZ,IT_PROG,Sea Tank,17
17,Nancy,Greenberg,NGREENBE,FI_MGR,Bruggeman,18
18,Daniel,Faviet,DFAVIET,FI_ACCOUNT,De Pecker,19
19,John,Chen,JCHEN,FI_ACCOUNT,BP,20
20,Ismael,Sciarra,ISCIARRA,FI_ACCOUNT,Stora Enzo,21
21,Jose Manuel,Urman,JMURMAN,FI_ACCOUNT,Bruggeman,22
22,Luis,Popp,LPOPP,FI_ACCOUNT,Oleon,23
23,Den,Raphaely,DRAPHEAL,PU_MAN,Ineos Fenol,24
24,Alexander,Khoo,AKHOO,PU_CLERK,Ineos Fenol,25
25,Shelli,Baida,SBAIDA,PU_CLERK,Bruggeman,26
26,Sigal,Tobias,STOBIAS,PU_CLERK,BP,27
27,Guy,Himuro,GHIMURO,PU_CLERK,Ineos Fenol,28
28,Karen,Colmenares,KCOLMENA,PU_CLERK,Stora Enzo,29
29,Matthew,Weiss,MWEISS,ST_MAN,De Pecker,30
30,Adam,Fripp,AFRIPP,ST_MAN,BP,31
31,Payam,Kaufling,PKAUFLIN,ST_MAN,Ineos Fenol,32
32,Shanta,Vollman,SVOLLMAN,ST_MAN,De Pecker,33
33,Kevin,Mourgos,KMOURGOS,ST_MAN,Sea Tank,34
34,Julia,Nayer,JNAYER,ST_CLERK,Sea Tank,35
35,Irene,Mikkilineni,IMIKKILI,ST_CLERK,Nippon,36
36,James,Landry,JLANDRY,ST_CLERK,BP,37
37,Steven,Markle,SMARKLE,ST_CLERK,Sea Tank,38
38,Laura,Bissot,LBISSOT,ST_CLERK,Sidmar,39
39,Mozhe,Atkinson,MATKINSO,ST_CLERK,Sea Tank,40
40,James,Marlow,JAMRLOW,ST_CLERK,Oleon,41
41,TJ,Olson,TJOLSON,ST_CLERK,Oleon,42
42,Jason,Mallin,JMALLIN,ST_CLERK,Sea Tank,43
43,Michael,Rogers,MROGERS,ST_CLERK,Sea Tank,44
44,Ki,Gee,KGEE,ST_CLERK,De Pecker,45
45,Hazel,Philtanker,HPHILTAN,ST_CLERK,De Pecker,46
46,Renske,Ladwig,RLADWIG,ST_CLERK,Bruggeman,47
47,Stephen,Stiles,SSTILES,ST_CLERK,Bruggeman,48
48,John,Seo,JSEO,ST_CLERK,De Pecker,49
49,Joshua,Patel,JPATEL,ST_CLERK,Nippon,50
