,FIRST_NAME,FIRST_NAME,EMAIL,JOB_ID,Bedrijven
0,Donald,Donald,DOCONNEL,SH_CLERK,VPK
1,Douglas,Douglas,DGRANT,SH_CLERK,Bruggeman
2,Jennifer,Jennifer,JWHALEN,AD_ASST,Oleon
3,Michael,Michael,MHARTSTE,MK_MAN,Ineos Fenol
4,Pat,Pat,PFAY,MK_REP,Sea Tank
5,Susan,Susan,SMAVRIS,HR_REP,Ineos Fenol
6,Hermann,Hermann,HBAER,PR_REP,BP
7,Shelley,Shelley,SHIGGINS,AC_MGR,Stora Enzo
8,William,William,WGIETZ,AC_ACCOUNT,De Pecker
9,Steven,Steven,SKING,AD_PRES,Bruggeman
10,Neena,Neena,NKOCHHAR,AD_VP,Stora Enzo
11,Lex,Lex,LDEHAAN,AD_VP,VPK
12,Alexander,Alexander,AHUNOLD,IT_PROG,Stora Enzo
13,Bruce,Bruce,BERNST,IT_PROG,Bruggeman
14,David,David,DAUSTIN,IT_PROG,Oleon
15,Valli,Valli,VPATABAL,IT_PROG,De Pecker
16,Diana,Diana,DLORENTZ,IT_PROG,Sidmar
17,Nancy,Nancy,NGREENBE,FI_MGR,Oleon
18,Daniel,Daniel,DFAVIET,FI_ACCOUNT,Oleon
19,John,John,JCHEN,FI_ACCOUNT,Stora Enzo
20,Ismael,Ismael,ISCIARRA,FI_ACCOUNT,Oleon
21,Jose Manuel,Jose Manuel,JMURMAN,FI_ACCOUNT,Oleon
22,Luis,Luis,LPOPP,FI_ACCOUNT,Sea Tank
23,Den,Den,DRAPHEAL,PU_MAN,Ineos Fenol
24,Alexander,Alexander,AKHOO,PU_CLERK,Bruggeman
25,Shelli,Shelli,SBAIDA,PU_CLERK,De Pecker
26,Sigal,Sigal,STOBIAS,PU_CLERK,Bruggeman
27,Guy,Guy,GHIMURO,PU_CLERK,VPK
28,Karen,Karen,KCOLMENA,PU_CLERK,BP
29,Matthew,Matthew,MWEISS,ST_MAN,Bruggeman
30,Adam,Adam,AFRIPP,ST_MAN,De Pecker
31,Payam,Payam,PKAUFLIN,ST_MAN,Stora Enzo
32,Shanta,Shanta,SVOLLMAN,ST_MAN,Sea Tank
33,Kevin,Kevin,KMOURGOS,ST_MAN,Sidmar
34,Julia,Julia,JNAYER,ST_CLERK,Nippon
35,Irene,Irene,IMIKKILI,ST_CLERK,Ineos Fenol
36,James,James,JLANDRY,ST_CLERK,VPK
37,Steven,Steven,SMARKLE,ST_CLERK,BP
38,Laura,Laura,LBISSOT,ST_CLERK,Oleon
39,Mozhe,Mozhe,MATKINSO,ST_CLERK,Oleon
40,James,James,JAMRLOW,ST_CLERK,Bruggeman
41,TJ,TJ,TJOLSON,ST_CLERK,Sea Tank
42,Jason,Jason,JMALLIN,ST_CLERK,Stora Enzo
43,Michael,Michael,MROGERS,ST_CLERK,Nippon
44,Ki,Ki,KGEE,ST_CLERK,De Pecker
45,Hazel,Hazel,HPHILTAN,ST_CLERK,BP
46,Renske,Renske,RLADWIG,ST_CLERK,Ineos Fenol
47,Stephen,Stephen,SSTILES,ST_CLERK,Nippon
48,John,John,JSEO,ST_CLERK,Sea Tank
49,Joshua,Joshua,JPATEL,ST_CLERK,Bruggeman
